{
    "name": "root",
    "gauges": {
        "testCarVisual.Policy.Entropy.mean": {
            "value": 1.4183839559555054,
            "min": 1.4183839559555054,
            "max": 1.4183839559555054,
            "count": 1
        },
        "testCarVisual.Policy.Entropy.sum": {
            "value": 28798.8671875,
            "min": 28798.8671875,
            "max": 28798.8671875,
            "count": 1
        },
        "testCarVisual.Environment.EpisodeLength.mean": {
            "value": 143.0,
            "min": 143.0,
            "max": 143.0,
            "count": 1
        },
        "testCarVisual.Environment.EpisodeLength.sum": {
            "value": 18590.0,
            "min": 18590.0,
            "max": 18590.0,
            "count": 1
        },
        "testCarVisual.Step.mean": {
            "value": 19995.0,
            "min": 19995.0,
            "max": 19995.0,
            "count": 1
        },
        "testCarVisual.Step.sum": {
            "value": 19995.0,
            "min": 19995.0,
            "max": 19995.0,
            "count": 1
        },
        "testCarVisual.Policy.ExtrinsicValueEstimate.mean": {
            "value": -0.0897601842880249,
            "min": -0.0897601842880249,
            "max": -0.0897601842880249,
            "count": 1
        },
        "testCarVisual.Policy.ExtrinsicValueEstimate.sum": {
            "value": -35.36551284790039,
            "min": -35.36551284790039,
            "max": -35.36551284790039,
            "count": 1
        },
        "testCarVisual.Environment.CumulativeReward.mean": {
            "value": -3.4651162790697674,
            "min": -3.4651162790697674,
            "max": -3.4651162790697674,
            "count": 1
        },
        "testCarVisual.Environment.CumulativeReward.sum": {
            "value": -447.0,
            "min": -447.0,
            "max": -447.0,
            "count": 1
        },
        "testCarVisual.Policy.ExtrinsicReward.mean": {
            "value": -3.4651162790697674,
            "min": -3.4651162790697674,
            "max": -3.4651162790697674,
            "count": 1
        },
        "testCarVisual.Policy.ExtrinsicReward.sum": {
            "value": -447.0,
            "min": -447.0,
            "max": -447.0,
            "count": 1
        },
        "testCarVisual.Losses.PolicyLoss.mean": {
            "value": 0.03262216264847666,
            "min": 0.03262216264847666,
            "max": 0.03262216264847666,
            "count": 1
        },
        "testCarVisual.Losses.PolicyLoss.sum": {
            "value": 0.03262216264847666,
            "min": 0.03262216264847666,
            "max": 0.03262216264847666,
            "count": 1
        },
        "testCarVisual.Losses.ValueLoss.mean": {
            "value": 1.9366377552350362,
            "min": 1.9366377552350362,
            "max": 1.9366377552350362,
            "count": 1
        },
        "testCarVisual.Losses.ValueLoss.sum": {
            "value": 1.9366377552350362,
            "min": 1.9366377552350362,
            "max": 1.9366377552350362,
            "count": 1
        },
        "testCarVisual.Policy.LearningRate.mean": {
            "value": 0.0002969271010242999,
            "min": 0.0002969271010242999,
            "max": 0.0002969271010242999,
            "count": 1
        },
        "testCarVisual.Policy.LearningRate.sum": {
            "value": 0.0002969271010242999,
            "min": 0.0002969271010242999,
            "max": 0.0002969271010242999,
            "count": 1
        },
        "testCarVisual.Policy.Epsilon.mean": {
            "value": 0.19897570000000003,
            "min": 0.19897570000000003,
            "max": 0.19897570000000003,
            "count": 1
        },
        "testCarVisual.Policy.Epsilon.sum": {
            "value": 0.19897570000000003,
            "min": 0.19897570000000003,
            "max": 0.19897570000000003,
            "count": 1
        },
        "testCarVisual.Policy.Beta.mean": {
            "value": 0.004948887429999999,
            "min": 0.004948887429999999,
            "max": 0.004948887429999999,
            "count": 1
        },
        "testCarVisual.Policy.Beta.sum": {
            "value": 0.004948887429999999,
            "min": 0.004948887429999999,
            "max": 0.004948887429999999,
            "count": 1
        },
        "testCarVisual.IsTraining.mean": {
            "value": 1.0,
            "min": 1.0,
            "max": 1.0,
            "count": 1
        },
        "testCarVisual.IsTraining.sum": {
            "value": 1.0,
            "min": 1.0,
            "max": 1.0,
            "count": 1
        }
    },
    "metadata": {
        "timer_format_version": "0.1.0",
        "start_time_seconds": "1655720880",
        "python_version": "3.8.10 (tags/v3.8.10:3d8993a, May  3 2021, 11:48:03) [MSC v.1928 64 bit (AMD64)]",
        "command_line_arguments": "D:\\Github\\MinAi\\venv\\Scripts\\mlagents-learn config/CarFindGoal_grayscale.yaml --run-id=256resolution --force",
        "mlagents_version": "0.29.0",
        "mlagents_envs_version": "0.29.0",
        "communication_protocol_version": "1.5.0",
        "pytorch_version": "1.7.0+cu110",
        "numpy_version": "1.21.2",
        "end_time_seconds": "1655721109"
    },
    "total": 228.4634144,
    "count": 1,
    "self": 0.01324270000000638,
    "children": {
        "run_training.setup": {
            "total": 0.2092778999999999,
            "count": 1,
            "self": 0.2092778999999999
        },
        "TrainerController.start_learning": {
            "total": 228.2408938,
            "count": 1,
            "self": 0.07630549999973368,
            "children": {
                "TrainerController._reset_env": {
                    "total": 22.536192200000002,
                    "count": 1,
                    "self": 22.536192200000002
                },
                "TrainerController.advance": {
                    "total": 204.92250940000025,
                    "count": 2909,
                    "self": 0.03208730000073956,
                    "children": {
                        "env_step": {
                            "total": 204.8904220999995,
                            "count": 2909,
                            "self": 185.2807803000006,
                            "children": {
                                "SubprocessEnvManager._take_step": {
                                    "total": 19.56671459999944,
                                    "count": 2909,
                                    "self": 0.1719066999993828,
                                    "children": {
                                        "TorchPolicy.evaluate": {
                                            "total": 19.394807900000057,
                                            "count": 2815,
                                            "self": 13.03364710000032,
                                            "children": {
                                                "TorchPolicy.sample_actions": {
                                                    "total": 6.3611607999997375,
                                                    "count": 2815,
                                                    "self": 6.3611607999997375
                                                }
                                            }
                                        }
                                    }
                                },
                                "workers": {
                                    "total": 0.042927199999478916,
                                    "count": 2908,
                                    "self": 0.0,
                                    "children": {
                                        "worker_root": {
                                            "total": 205.59595959999928,
                                            "count": 2908,
                                            "is_parallel": true,