{
    "name": "root",
    "gauges": {
        "MyBehavior.Policy.Entropy.mean": {
            "value": 1.433209776878357,
            "min": 1.4233368635177612,
            "max": 1.434140682220459,
            "count": 10
        },
        "MyBehavior.Policy.Entropy.sum": {
            "value": 71706.3515625,
            "min": 71079.8046875,
            "max": 71872.8203125,
            "count": 10
        },
        "MyBehavior.Environment.EpisodeLength.mean": {
            "value": 947.8909090909091,
            "min": 872.1785714285714,
            "max": 999.0,
            "count": 10
        },
        "MyBehavior.Environment.EpisodeLength.sum": {
            "value": 52134.0,
            "min": 45641.0,
            "max": 52134.0,
            "count": 10
        },
        "MyBehavior.Step.mean": {
            "value": 499982.0,
            "min": 49979.0,
            "max": 499982.0,
            "count": 10
        },
        "MyBehavior.Step.sum": {
            "value": 499982.0,
            "min": 49979.0,
            "max": 499982.0,
            "count": 10
        },
        "MyBehavior.Policy.ExtrinsicValueEstimate.mean": {
            "value": -0.043944522738456726,
            "min": -0.056460704654455185,
            "max": 0.1187533587217331,
            "count": 10
        },
        "MyBehavior.Policy.ExtrinsicValueEstimate.sum": {
            "value": -35.287452697753906,
            "min": -45.16856384277344,
            "max": 95.24019622802734,
            "count": 10
        },
        "MyBehavior.Environment.CumulativeReward.mean": {
            "value": -0.392333371978667,
            "min": -1.1136800385266543,
            "max": 0.5443571346944996,
            "count": 10
        },
        "MyBehavior.Environment.CumulativeReward.sum": {
            "value": -21.18600208684802,
            "min": -55.68400192633271,
            "max": 30.48399954289198,
            "count": 10
        },
        "MyBehavior.Policy.ExtrinsicReward.mean": {
            "value": -0.392333371978667,
            "min": -1.1136800385266543,
            "max": 0.5443571346944996,
            "count": 10
        },
        "MyBehavior.Policy.ExtrinsicReward.sum": {
            "value": -21.18600208684802,
            "min": -55.68400192633271,
            "max": 30.48399954289198,
            "count": 10
        },
        "MyBehavior.Losses.PolicyLoss.mean": {
            "value": 0.02301136876223609,
            "min": 0.02214138909243047,
            "max": 0.026069212312965342,
            "count": 10
        },
        "MyBehavior.Losses.PolicyLoss.sum": {
            "value": 0.11505684381118045,
            "min": 0.09646187797964861,
            "max": 0.11836665630107746,
            "count": 10
        },
        "MyBehavior.Losses.ValueLoss.mean": {
            "value": 0.0282811272625501,
            "min": 0.00486889098227645,
            "max": 0.1252334681432694,
            "count": 10
        },
        "MyBehavior.Losses.ValueLoss.sum": {
            "value": 0.1414056363127505,
            "min": 0.02434445491138225,
            "max": 0.626167340716347,
            "count": 10
        },
        "MyBehavior.Policy.LearningRate.mean": {
            "value": 1.443201518936e-05,
            "min": 1.443201518936e-05,
            "max": 0.00028431300522899997,
            "count": 10
        },
        "MyBehavior.Policy.LearningRate.sum": {
            "value": 7.21600759468e-05,
            "min": 7.21600759468e-05,
            "max": 0.0012777876740708,
            "count": 10
        },
        "MyBehavior.Policy.Epsilon.mean": {
            "value": 0.10481064,
            "min": 0.10481064,
            "max": 0.19477099999999997,
            "count": 10
        },
        "MyBehavior.Policy.Epsilon.sum": {
            "value": 0.5240532,
            "min": 0.5240532,
            "max": 0.9259292000000001,
            "count": 10
        },
        "MyBehavior.Policy.Beta.mean": {
            "value": 0.0002500509359999999,
            "min": 0.0002500509359999999,
            "max": 0.004739072899999999,
            "count": 10
        },
        "MyBehavior.Policy.Beta.sum": {
            "value": 0.0012502546799999996,
            "min": 0.0012502546799999996,
            "max": 0.021303867080000004,
            "count": 10
        },
        "MyBehavior.IsTraining.mean": {
            "value": 1.0,
            "min": 1.0,
            "max": 1.0,
            "count": 10
        },
        "MyBehavior.IsTraining.sum": {
            "value": 1.0,
            "min": 1.0,
            "max": 1.0,
            "count": 10
        }
    },
    "metadata": {
        "timer_format_version": "0.1.0",
        "start_time_seconds": "1649325713",
        "python_version": "3.7.9 (v3.7.9:13c94747c7, Aug 15 2020, 01:31:08) \n[Clang 6.0 (clang-600.0.57)]",
        "command_line_arguments": "/Users/edwarddeen/MinAI/venv/bin/mlagents-learn --run-id=car1 --force",
        "mlagents_version": "0.29.0",
        "mlagents_envs_version": "0.29.0",
        "communication_protocol_version": "1.5.0",
        "pytorch_version": "1.8.1",
        "numpy_version": "1.21.2",
        "end_time_seconds": "1649326235"
    },
    "total": 522.1391769319999,
    "count": 1,
    "self": 0.00998709299994971,
    "children": {
        "run_training.setup": {
            "total": 0.02329686299999989,
            "count": 1,
            "self": 0.02329686299999989
        },
        "TrainerController.start_learning": {
            "total": 522.105892976,
            "count": 1,
            "self": 0.9071836309963146,
            "children": {
                "TrainerController._reset_env": {
                    "total": 8.602797371000001,
                    "count": 1,
                    "self": 8.602797371000001
                },
                "TrainerController.advance": {
                    "total": 512.5474660660037,
                    "count": 31588,
                    "self": 0.9627851280019968,
                    "children": {
                        "env_step": {
                            "total": 365.55731855800184,
                            "count": 31588,
                            "self": 339.8856341489992,
                            "children": {
                                "SubprocessEnvManager._take_step": {
                                    "total": 25.16007144100755,
                                    "count": 31588,
                                    "self": 2.6313675560111527,
                                    "children": {
                                        "TorchPolicy.evaluate": {
                                            "total": 22.528703884996396,
                                            "count": 31286,
                                            "self": 4.745501418991889,
                                            "children": {
                                                "TorchPolicy.sample_actions": {
                                                    "total": 17.783202466004507,
                                                    "count": 31286,
                                                    "self": 17.783202466004507
                                                }
                                            }
                                        }
                                    }
                                },
                                "workers": {
                                    "total": 0.5116129679950916,
                                    "count": 31588,
                                    "self": 0.0,
                                    "children": {
                                        "worker_root": {
                                            "total": 520.6765541650045,
                                            "count": 31588,
                                            "is_parallel": true,