{
    "name": "root",
    "gauges": {
        "CarFindGoal.Policy.Entropy.mean": {
            "value": 1.258959174156189,
            "min": 1.258959174156189,
            "max": 1.4537495374679565,
            "count": 350
        },
        "CarFindGoal.Policy.Entropy.sum": {
            "value": 2536.802734375,
            "min": 2203.59423828125,
            "max": 3080.7578125,
            "count": 350
        },
        "CarFindGoal.Step.mean": {
            "value": 699993.0,
            "min": 1980.0,
            "max": 699993.0,
            "count": 350
        },
        "CarFindGoal.Step.sum": {
            "value": 699993.0,
            "min": 1980.0,
            "max": 699993.0,
            "count": 350
        },
        "CarFindGoal.Policy.ExtrinsicValueEstimate.mean": {
            "value": -0.10026635229587555,
            "min": -4.321199417114258,
            "max": 0.12381939589977264,
            "count": 350
        },
        "CarFindGoal.Policy.ExtrinsicValueEstimate.sum": {
            "value": -9.224504470825195,
            "min": -393.2291259765625,
            "max": 11.143745422363281,
            "count": 350
        },
        "CarFindGoal.IsTraining.mean": {
            "value": 1.0,
            "min": 1.0,
            "max": 1.0,
            "count": 350
        },
        "CarFindGoal.IsTraining.sum": {
            "value": 1.0,
            "min": 1.0,
            "max": 1.0,
            "count": 350
        },
        "CarFindGoal.Losses.PolicyLoss.mean": {
            "value": 0.06996184251814459,
            "min": 0.049581918137846515,
            "max": 0.08786419597648394,
            "count": 337
        },
        "CarFindGoal.Losses.PolicyLoss.sum": {
            "value": 0.06996184251814459,
            "min": 0.049581918137846515,
            "max": 0.08786419597648394,
            "count": 337
        },
        "CarFindGoal.Losses.ValueLoss.mean": {
            "value": 9.977769105754912e-07,
            "min": 4.0465820146569814e-07,
            "max": 1.734337910078466,
            "count": 337
        },
        "CarFindGoal.Losses.ValueLoss.sum": {
            "value": 9.977769105754912e-07,
            "min": 4.0465820146569814e-07,
            "max": 1.734337910078466,
            "count": 337
        },
        "CarFindGoal.Policy.LearningRate.mean": {
            "value": 0.00027903387698871004,
            "min": 0.00027903387698871004,
            "max": 0.00029993730002089995,
            "count": 337
        },
        "CarFindGoal.Policy.LearningRate.sum": {
            "value": 0.00027903387698871004,
            "min": 0.00027903387698871004,
            "max": 0.00029993730002089995,
            "count": 337
        },
        "CarFindGoal.Policy.Epsilon.mean": {
            "value": 0.19301129000000003,
            "min": 0.19301129000000003,
            "max": 0.1999791,
            "count": 337
        },
        "CarFindGoal.Policy.Epsilon.sum": {
            "value": 0.19301129000000003,
            "min": 0.19301129000000003,
            "max": 0.1999791,
            "count": 337
        },
        "CarFindGoal.Policy.Beta.mean": {
            "value": 0.004651263371,
            "min": 0.004651263371,
            "max": 0.00499895709,
            "count": 337
        },
        "CarFindGoal.Policy.Beta.sum": {
            "value": 0.004651263371,
            "min": 0.004651263371,
            "max": 0.00499895709,
            "count": 337
        },
        "CarFindGoal.Environment.EpisodeLength.mean": {
            "value": 799.0,
            "min": 334.2857142857143,
            "max": 9999.0,
            "count": 252
        },
        "CarFindGoal.Environment.EpisodeLength.sum": {
            "value": 1598.0,
            "min": 342.0,
            "max": 29997.0,
            "count": 252
        },
        "CarFindGoal.Environment.CumulativeReward.mean": {
            "value": -0.8000000631436706,
            "min": -19.551001016050577,
            "max": 9.558999560773373,
            "count": 252
        },
        "CarFindGoal.Environment.CumulativeReward.sum": {
            "value": -1.6000001262873411,
            "min": -72.3400002270937,
            "max": 17.816999837756157,
            "count": 252
        },
        "CarFindGoal.Policy.ExtrinsicReward.mean": {
            "value": -0.8000000631436706,
            "min": -19.551001016050577,
            "max": 9.558999560773373,
            "count": 252
        },
        "CarFindGoal.Policy.ExtrinsicReward.sum": {
            "value": -1.6000001262873411,
            "min": -72.3400002270937,
            "max": 17.816999837756157,
            "count": 252
        }
    },
    "metadata": {
        "timer_format_version": "0.1.0",
        "start_time_seconds": "1650408921",
        "python_version": "3.9.5 (tags/v3.9.5:0a7dcbd, May  3 2021, 17:27:52) [MSC v.1928 64 bit (AMD64)]",
        "command_line_arguments": "A:\\Mehmet_projects\\venv\\Scripts\\mlagents-learn ./MinAi\\config\\CarFindGoal_camerasensor.yaml --run-id=carwithcamera2",
        "mlagents_version": "0.29.0",
        "mlagents_envs_version": "0.29.0",
        "communication_protocol_version": "1.5.0",
        "pytorch_version": "1.11.0+cpu",
        "numpy_version": "1.21.2",
        "end_time_seconds": "1650411044"
    },
    "total": 2122.8518099000003,
    "count": 1,
    "self": 0.037393100000372215,
    "children": {
        "run_training.setup": {
            "total": 0.2737847,
            "count": 1,
            "self": 0.2737847
        },
        "TrainerController.start_learning": {
            "total": 2122.5406321,
            "count": 1,
            "self": 3.2695910999877924,
            "children": {
                "TrainerController._reset_env": {
                    "total": 7.2892224,
                    "count": 1,
                    "self": 7.2892224
                },
                "TrainerController.advance": {
                    "total": 2111.8870107000116,
                    "count": 140733,
                    "self": 1.5968890999861287,
                    "children": {
                        "env_step": {
                            "total": 2110.2901216000255,
                            "count": 140733,
                            "self": 1920.7921511999564,
                            "children": {
                                "SubprocessEnvManager._take_step": {
                                    "total": 187.0834587000347,
                                    "count": 140735,
                                    "self": 7.652206500057247,
                                    "children": {
                                        "TorchPolicy.evaluate": {
                                            "total": 179.43125219997745,
                                            "count": 140309,
                                            "self": 22.16460609997796,
                                            "children": {
                                                "TorchPolicy.sample_actions": {
                                                    "total": 157.2666460999995,
                                                    "count": 140309,
                                                    "self": 157.2666460999995
                                                }
                                            }
                                        }
                                    }
                                },
                                "workers": {
                                    "total": 2.4145117000343443,
                                    "count": 140732,
                                    "self": 0.0,
                                    "children": {
                                        "worker_root": {
                                            "total": 2049.146893199967,
                                            "count": 140732,