{
    "name": "root",
    "metadata": {
        "timer_format_version": "0.1.0",
        "start_time_seconds": "1655762305",
        "python_version": "3.7.9 (v3.7.9:13c94747c7, Aug 15 2020, 01:31:08) \n[Clang 6.0 (clang-600.0.57)]",
        "command_line_arguments": "/Users/edwarddeen/MinAI/venv/bin/mlagents-learn config/CameraVisionTestEd.yaml --run-id=CameraVisionDoubleEyesOneWall --force",
        "mlagents_version": "0.29.0",
        "mlagents_envs_version": "0.29.0",
        "communication_protocol_version": "1.5.0",
        "pytorch_version": "1.8.1",
        "numpy_version": "1.21.2",
        "end_time_seconds": "1655801744"
    },
    "total": 31618.220113687003,
    "count": 1,
    "self": 0.011585554002522258,
    "children": {
        "run_training.setup": {
            "total": 0.012621455999999975,
            "count": 1,
            "self": 0.012621455999999975
        },
        "TrainerController.start_learning": {
            "total": 31618.195906677,
            "count": 1,
            "self": 74.85252272822981,
            "children": {
                "TrainerController._reset_env": {
                    "total": 12.468210133,
                    "count": 1,
                    "self": 12.468210133
                },
                "TrainerController.advance": {
                    "total": 31530.69317945377,
                    "count": 778208,
                    "self": 23.349332347552263,
                    "children": {
                        "env_step": {
                            "total": 31507.343847106218,
                            "count": 778208,
                            "self": 28176.568835095386,
                            "children": {
                                "SubprocessEnvManager._take_step": {
                                    "total": 3315.4795977023223,
                                    "count": 778208,
                                    "self": 51.55881459689226,
                                    "children": {
                                        "TorchPolicy.evaluate": {
                                            "total": 3263.92078310543,
                                            "count": 773537,
                                            "self": 247.14134090019343,
                                            "children": {
                                                "TorchPolicy.sample_actions": {
                                                    "total": 3016.7794422052366,
                                                    "count": 773537,
                                                    "self": 3016.7794422052366
                                                }
                                            }
                                        }
                                    }
                                },
                                "workers": {
                                    "total": 15.295414308511226,
                                    "count": 778207,
                                    "self": 0.0,
                                    "children": {
                                        "worker_root": {
                                            "total": 31526.696303601584,
                                            "count": 778207,
                                            "is_parallel": true,
                                            "self": 6702.8762113210905,
                                            "children": {
                                                "run_training.setup": {
                                                    "total": 0.0,
                                                    "count": 0,
                                                    "is_parallel": true,
                                                    "self": 0.0,
                                                    "children": {
                                                        "steps_from_proto": {
                                                            "total": 0.03059566800000013,
                                                            "count": 1,
                                                            "is_parallel": true,
                                                            "self": 0.000956579000000346,
                                                            "children": {
                                                                "_process_maybe_compressed_observation": {
                                                                    "total": 0.029639088999999785,
                                                                    "count": 2,
                                                                    "is_parallel": true,
                                                                    "self": 0.0006265069999997763,
                                                                    "children": {
                                                                        "_observation_to_np_array": {
                                                                            "total": 0.02901258200000001,
                                                                            "count": 9,
                                                                            "is_parallel": true,
                                                                            "self": 0.0002180730000009845,
                                                                            "children": {
                                                                                "process_pixels": {
                                                                                    "total": 0.028794508999999024,
                                                                                    "count": 9,
                                                                                    "is_parallel": true,
                                                                                    "self": 0.0018477839999970769,
                                                                                    "children": {
                                                                                        "image_decompress": {
                                                                                            "total": 0.026946725000001948,
                                                                                            "count": 9,
                                                                                            "is_parallel": true,
                                                                                            "self": 0.026946725000001948
                                                                                        }
                                                                                    }
                                                                                }
                                                                            }
                                                                        }
                                                                    }
                                                                }
                                                            }
                                                        },
                                                        "UnityEnvironment.step": {
                                                            "total": 0.030047192999999695,
                                                            "count": 1,
                                                            "is_parallel": true,
                                                            "self": 0.00014127499999894155,