{
    "name": "root",
    "gauges": {
        "testCarVisual.Policy.Entropy.mean": {
            "value": 1.4006081819534302,
            "min": 1.4006081819534302,
            "max": 1.41838538646698,
            "count": 10
        },
        "testCarVisual.Policy.Entropy.sum": {
            "value": 70108.84375,
            "min": 70108.84375,
            "max": 71305.0703125,
            "count": 10
        },
        "testCarVisual.Environment.EpisodeLength.mean": {
            "value": 533.2087912087912,
            "min": 225.37254901960785,
            "max": 676.6756756756756,
            "count": 10
        },
        "testCarVisual.Environment.EpisodeLength.sum": {
            "value": 48522.0,
            "min": 45976.0,
            "max": 51460.0,
            "count": 10
        },
        "testCarVisual.Step.mean": {
            "value": 499993.0,
            "min": 49956.0,
            "max": 499993.0,
            "count": 10
        },
        "testCarVisual.Step.sum": {
            "value": 499993.0,
            "min": 49956.0,
            "max": 499993.0,
            "count": 10
        },
        "testCarVisual.Policy.ExtrinsicValueEstimate.mean": {
            "value": 0.31975415349006653,
            "min": -0.23301050066947937,
            "max": 0.31975415349006653,
            "count": 10
        },
        "testCarVisual.Policy.ExtrinsicValueEstimate.sum": {
            "value": 265.39593505859375,
            "min": -192.4666748046875,
            "max": 265.39593505859375,
            "count": 10
        },
        "testCarVisual.Environment.CumulativeReward.mean": {
            "value": 2.5274725274725274,
            "min": -3.2598039215686274,
            "max": 2.5274725274725274,
            "count": 10
        },
        "testCarVisual.Environment.CumulativeReward.sum": {
            "value": 230.0,
            "min": -665.0,
            "max": 230.0,
            "count": 10
        },
        "testCarVisual.Policy.ExtrinsicReward.mean": {
            "value": 2.5274725274725274,
            "min": -3.2598039215686274,
            "max": 2.5274725274725274,
            "count": 10
        },
        "testCarVisual.Policy.ExtrinsicReward.sum": {
            "value": 230.0,
            "min": -665.0,
            "max": 230.0,
            "count": 10
        },
        "testCarVisual.Losses.PolicyLoss.mean": {
            "value": 0.022456361264921725,
            "min": 0.021444951451073092,
            "max": 0.026666006147861483,
            "count": 10
        },
        "testCarVisual.Losses.PolicyLoss.sum": {
            "value": 0.11228180632460863,
            "min": 0.0980596252406637,
            "max": 0.1333300307393074,
            "count": 10
        },
        "testCarVisual.Losses.ValueLoss.mean": {
            "value": 0.1703233577311039,
            "min": 0.05858371968400509,
            "max": 0.644427732626597,
            "count": 10
        },
        "testCarVisual.Losses.ValueLoss.sum": {
            "value": 0.8516167886555195,
            "min": 0.23433487873602035,
            "max": 2.577710930506388,
            "count": 10
        },
        "testCarVisual.Policy.LearningRate.mean": {
            "value": 1.6419454526880004e-05,
            "min": 1.6419454526880004e-05,
            "max": 0.00028462590512469985,
            "count": 10
        },
        "testCarVisual.Policy.LearningRate.sum": {
            "value": 8.209727263440002e-05,
            "min": 8.209727263440002e-05,
            "max": 0.0012845238718253995,
            "count": 10
        },
        "testCarVisual.Policy.Epsilon.mean": {
            "value": 0.10547312,
            "min": 0.10547312,
            "max": 0.19487530000000003,
            "count": 10
        },
        "testCarVisual.Policy.Epsilon.sum": {
            "value": 0.5273656,
            "min": 0.5000214000000001,
            "max": 0.9281745999999998,
            "count": 10
        },
        "testCarVisual.Policy.Beta.mean": {
            "value": 0.00028310868800000014,
            "min": 0.00028310868800000014,
            "max": 0.00474427747,
            "count": 10
        },
        "testCarVisual.Policy.Beta.sum": {
            "value": 0.0014155434400000006,
            "min": 0.0014155434400000006,
            "max": 0.021415912540000002,
            "count": 10
        },
        "testCarVisual.IsTraining.mean": {
            "value": 1.0,
            "min": 1.0,
            "max": 1.0,
            "count": 10
        },
        "testCarVisual.IsTraining.sum": {
            "value": 1.0,
            "min": 1.0,
            "max": 1.0,
            "count": 10
        }
    },
    "metadata": {
        "timer_format_version": "0.1.0",
        "start_time_seconds": "1653995079",
        "python_version": "3.8.10 (tags/v3.8.10:3d8993a, May  3 2021, 11:48:03) [MSC v.1928 64 bit (AMD64)]",
        "command_line_arguments": "D:\\Github\\MinAi\\venv\\Scripts\\mlagents-learn --run-id=256resolutionrun",
        "mlagents_version": "0.29.0",
        "mlagents_envs_version": "0.29.0",
        "communication_protocol_version": "1.5.0",
        "pytorch_version": "1.7.0+cu110",
        "numpy_version": "1.21.2",
        "end_time_seconds": "1653999855"
    },
    "total": 4776.739043,
    "count": 1,
    "self": 0.02948639999885927,
    "children": {
        "run_training.setup": {
            "total": 0.03727029999999998,
            "count": 1,
            "self": 0.03727029999999998
        },
        "TrainerController.start_learning": {
            "total": 4776.6722863,
            "count": 1,
            "self": 1.1930430998954762,
            "children": {
                "TrainerController._reset_env": {
                    "total": 6.5396873,
                    "count": 1,
                    "self": 6.5396873
                },
                "TrainerController.advance": {
                    "total": 4768.363969700104,
                    "count": 63226,
                    "self": 1.1135028001954197,
                    "children": {
                        "env_step": {
                            "total": 3885.0913131999782,
                            "count": 63226,
                            "self": 3742.2823707000143,
                            "children": {
                                "SubprocessEnvManager._take_step": {
                                    "total": 141.87003079992164,
                                    "count": 63226,
                                    "self": 3.7446169999163033,
                                    "children": {
                                        "TorchPolicy.evaluate": {
                                            "total": 138.12541380000533,
                                            "count": 62541,
                                            "self": 62.958320300022024,
                                            "children": {
                                                "TorchPolicy.sample_actions": {
                                                    "total": 75.16709349998331,
                                                    "count": 62541,
                                                    "self": 75.16709349998331
                                                }
                                            }
                                        }
                                    }
                                },
                                "workers": {
                                    "total": 0.9389117000420875,
                                    "count": 63226,
                                    "self": 0.0,
                                    "children": {
                                        "worker_root": {
                                            "total": 4758.229207399948,
                                            "count": 63226,
                                            "is_parallel": true,