{"count":1,"self":2461.9870207999998,"total":27687.7737213,"children":{"InitializeActuators":{"count":9,"self":0.00099739999999999985,"total":0.00099739999999999985,"children":null},"InitializeSensors":{"count":9,"self":0.0019943,"total":0.0019943,"children":null},"AgentSendState":{"count":4725051,"self":40.8875712,"total":12203.799748399999,"children":{"CollectObservations":{"count":8505099,"self":5.7194316,"total":5.7194315,"children":null},"WriteActionMask":{"count":8505099,"self":7.5819551999999995,"total":7.5819554999999994,"children":null},"RequestDecision":{"count":8505099,"self":29.602815999999997,"total":12149.610790699999,"children":{"AgentInfo.ToProto":{"count":8505099,"self":34.403865599999996,"total":12120.007974799999,"children":{"GenerateSensorData":{"count":8505099,"self":220.52423679999998,"total":12085.604109599999,"children":{"CameraSensor.GetCompressedObservation":{"count":8505099,"self":11865.079807999999,"total":11865.079869,"children":null}}}}}}}}},"DecideAction":{"count":4725051,"self":12923.7147648,"total":12923.714578399999,"children":null},"AgentAct":{"count":4725051,"self":87.8363648,"total":96.425135099999991,"children":{"AgentInfo.ToProto":{"count":5043,"self":0.027565199999999998,"total":8.5887691,"children":{"GenerateSensorData":{"count":5043,"self":0.19192379999999998,"total":8.5612038999999989,"children":{"CameraSensor.GetCompressedObservation":{"count":5043,"self":8.36928,"total":8.3692801,"children":null}}}}}}},"AgentInfo.ToProto":{"count":1091,"self":0.0029917999999999998,"total":1.8431837,"children":{"GenerateSensorData":{"count":1091,"self":0.0359829,"total":1.8401919,"children":{"CameraSensor.GetCompressedObservation":{"count":1091,"self":1.804209,"total":1.804209,"children":null}}}}}},"gauges":{"testCarVisual.CumulativeReward":{"count":6134,"max":10,"min":-10,"runningAverage":-2.27029538,"value":-2,"weightedAverage":-2.711164}},"metadata":{"timer_format_version":"0.1.0","start_time_seconds":"1655237624","unity_version":"2020.3.30f1","command_line_arguments":"D:\\Program Files\\Unity\\Hub\\Editor\\2020.3.30f1\\Editor\\Unity.exe -projectpath D:\\Github\\MinAi -useHub -hubIPC -cloudEnvironment production -licensingIpc LicenseClient-Joris -hubSessionId 2f475700-eafe-11ec-8d72-87ed9e657438","communication_protocol_version":"1.5.0","com.unity.ml-agents_version":"2.0.0","scene_name":"lesson2","end_time_seconds":"1655265311"}}