{"count":1,"self":1020.0781824,"total":3838.530375,"children":{"InitializeActuators":{"count":16,"self":0.001847,"total":0.001847,"children":null},"InitializeSensors":{"count":16,"self":0.0026509999999999997,"total":0.0026509999999999997,"children":null},"AgentSendState":{"count":1614501,"self":128.2608512,"total":237.815801,"children":{"CollectObservations":{"count":5166416,"self":5.5959648,"total":5.595965,"children":null},"WriteActionMask":{"count":5166416,"self":5.3614488,"total":5.3614489999999995,"children":null},"RequestDecision":{"count":5166416,"self":14.8595072,"total":98.597534,"children":{"AgentInfo.ToProto":{"count":5166416,"self":15.426544,"total":83.738025999999991,"children":{"GenerateSensorData":{"count":5166416,"self":57.829945599999995,"total":68.311482,"children":{"RayPerceptionSensor.Perceive":{"count":5166416,"self":10.4815392,"total":10.481539,"children":null}}}}}}}}},"DecideAction":{"count":1614501,"self":2472.3163136,"total":2472.31641,"children":null},"AgentAct":{"count":1614501,"self":108.02952959999999,"total":108.144336,"children":{"AgentInfo.ToProto":{"count":4271,"self":0.021011,"total":0.114808,"children":{"GenerateSensorData":{"count":4271,"self":0.081959999999999991,"total":0.093796999999999991,"children":{"RayPerceptionSensor.Perceive":{"count":4271,"self":0.011837,"total":0.011837,"children":null}}}}}}},"AgentInfo.ToProto":{"count":4959,"self":0.034328,"total":0.16919599999999999,"children":{"GenerateSensorData":{"count":4959,"self":0.11555699999999999,"total":0.134868,"children":{"RayPerceptionSensor.Perceive":{"count":4959,"self":0.019311,"total":0.019311,"children":null}}}}}},"gauges":{"CarFindGoal.CumulativeReward":{"count":9230,"max":10,"min":-10.998991,"runningAverage":4.232575,"value":9.899,"weightedAverage":9.877621}},"metadata":{"timer_format_version":"0.1.0","start_time_seconds":"1649349143","unity_version":"2020.3.30f1","command_line_arguments":"\/Applications\/Unity\/Hub\/Editor\/2020.3.30f1\/Unity.app\/Contents\/MacOS\/Unity -projectpath \/Users\/edwarddeen\/MinAI -useHub -hubIPC -cloudEnvironment production -licensingIpc LicenseClient-edwarddeen -hubSessionId 792879f0-a9c5-11ec-a3f5-ff044ed045eb -accessToken BuTluz-8L4cu3qL3ymu7N1NiPeoP2r7g9_3UBhuy8ec008f","communication_protocol_version":"1.5.0","com.unity.ml-agents_version":"2.0.0","scene_name":"Small area","end_time_seconds":"1649352981"}}