{"count":1,"self":1391.9480832,"total":17492.094482099998,"children":{"InitializeActuators":{"count":12,"self":0.0009977,"total":0.0009977,"children":null},"InitializeSensors":{"count":12,"self":0.0019946,"total":0.0019946,"children":null},"AgentSendState":{"count":2552751,"self":32.431695999999995,"total":7937.453541,"children":{"CollectObservations":{"count":6126612,"self":4.7469263999999995,"total":4.7469262,"children":null},"WriteActionMask":{"count":6126612,"self":6.3225831999999995,"total":6.322583,"children":null},"RequestDecision":{"count":6126612,"self":25.5252256,"total":7893.9523363,"children":{"AgentInfo.ToProto":{"count":6126612,"self":26.858608,"total":7868.4271114999992,"children":{"GenerateSensorData":{"count":6126612,"self":122.9904128,"total":7841.5685035,"children":{"CameraSensor.GetCompressedObservation":{"count":6126612,"self":7718.5777664,"total":7718.5780918,"children":null}}}}}}}}},"DecideAction":{"count":2552751,"self":7933.3122048,"total":7933.3122267,"children":null},"AgentAct":{"count":2552751,"self":211.4536832,"total":225.84701679999998,"children":{"AgentInfo.ToProto":{"count":6891,"self":0.0518528,"total":14.393336999999999,"children":{"GenerateSensorData":{"count":6891,"self":0.2039479,"total":14.3414842,"children":{"CameraSensor.GetCompressedObservation":{"count":6891,"self":14.137535999999999,"total":14.137536299999999,"children":null}}}}}}},"AgentInfo.ToProto":{"count":1976,"self":0.0129658,"total":3.5286355,"children":{"GenerateSensorData":{"count":1976,"self":0.052851499999999996,"total":3.5156696999999997,"children":{"CameraSensor.GetCompressedObservation":{"count":1976,"self":3.4628183999999997,"total":3.4628181999999996,"children":null}}}}}},"gauges":{"CarFindGoal.CumulativeReward":{"count":8867,"max":10,"min":-10.7979937,"runningAverage":-2.22598886,"value":-0.7999933,"weightedAverage":-1.23640728}},"metadata":{"timer_format_version":"0.1.0","start_time_seconds":"1652629616","unity_version":"2020.3.30f1","command_line_arguments":"A:\\Program Files\\2020.3.30f1\\Editor\\Unity.exe -projectpath A:\\Mehmet_projects\\MinAi -useHub -hubIPC -cloudEnvironment production -licensingIpc LicenseClient-mbc -hubSessionId 92f552b0-d461-11ec-993a-9f2a9963749a","communication_protocol_version":"1.5.0","com.unity.ml-agents_version":"2.0.0","scene_name":"Small area","end_time_seconds":"1652647108"}}