{"count":1,"self":162.1945472,"total":514.161675,"children":{"InitializeActuators":{"count":16,"self":0.002897,"total":0.002897,"children":null},"InitializeSensors":{"count":16,"self":0.003391,"total":0.003391,"children":null},"AgentSendState":{"count":156434,"self":12.575255199999999,"total":26.163344,"children":{"CollectObservations":{"count":500592,"self":0.655723,"total":0.655723,"children":null},"WriteActionMask":{"count":500592,"self":0.64773399999999992,"total":0.64773399999999992,"children":null},"RequestDecision":{"count":500592,"self":1.8170819999999999,"total":12.284632,"children":{"AgentInfo.ToProto":{"count":500592,"self":1.90207,"total":10.46755,"children":{"GenerateSensorData":{"count":500592,"self":7.3106671999999993,"total":8.5654799999999991,"children":{"RayPerceptionSensor.Perceive":{"count":500592,"self":1.254813,"total":1.254813,"children":null}}}}}}}}},"DecideAction":{"count":156434,"self":309.3989888,"total":309.39898999999997,"children":null},"AgentAct":{"count":156434,"self":16.3773232,"total":16.394811999999998,"children":{"AgentInfo.ToProto":{"count":480,"self":0.003159,"total":0.017488999999999998,"children":{"GenerateSensorData":{"count":480,"self":0.012627,"total":0.014329999999999999,"children":{"RayPerceptionSensor.Perceive":{"count":480,"self":0.0017029999999999999,"total":0.0017029999999999999,"children":null}}}}}}},"AgentInfo.ToProto":{"count":47,"self":0.00045799999999999997,"total":0.002023,"children":{"GenerateSensorData":{"count":47,"self":0.0013759999999999998,"total":0.001565,"children":{"RayPerceptionSensor.Perceive":{"count":47,"self":0.00018899999999999999,"total":0.00018899999999999999,"children":null}}}}}},"gauges":{"My Behavior.CumulativeReward":{"count":527,"max":10,"min":-10.7769938,"runningAverage":-0.252671182,"value":-0.9999907,"weightedAverage":-0.727316}},"metadata":{"timer_format_version":"0.1.0","start_time_seconds":"1649325721","unity_version":"2020.3.30f1","command_line_arguments":"\/Applications\/Unity\/Hub\/Editor\/2020.3.30f1\/Unity.app\/Contents\/MacOS\/Unity -projectpath \/Users\/edwarddeen\/MinAI -useHub -hubIPC -cloudEnvironment production -licensingIpc LicenseClient-edwarddeen -hubSessionId 792879f0-a9c5-11ec-a3f5-ff044ed045eb -accessToken BuTluz-8L4cu3qL3ymu7N1NiPeoP2r7g9_3UBhuy8ec008f","communication_protocol_version":"1.5.0","com.unity.ml-agents_version":"2.0.0","scene_name":"Small area","end_time_seconds":"1649326236"}}