{
    "name": "root",
    "gauges": {
        "testCarVisual.Policy.Entropy.mean": {
            "value": 1.404029369354248,
            "min": 1.404029369354248,
            "max": 1.4217053651809692,
            "count": 36
        },
        "testCarVisual.Policy.Entropy.sum": {
            "value": 13985.537109375,
            "min": 10633.689453125,
            "max": 14554.181640625,
            "count": 36
        },
        "testCarVisual.Step.mean": {
            "value": 459985.0,
            "min": 109974.0,
            "max": 459985.0,
            "count": 36
        },
        "testCarVisual.Step.sum": {
            "value": 459985.0,
            "min": 109974.0,
            "max": 459985.0,
            "count": 36
        },
        "testCarVisual.Policy.ExtrinsicValueEstimate.mean": {
            "value": -0.011782167479395866,
            "min": -1.4382587671279907,
            "max": 0.04530958831310272,
            "count": 36
        },
        "testCarVisual.Policy.ExtrinsicValueEstimate.sum": {
            "value": -1.8498003482818604,
            "min": -172.59104919433594,
            "max": 7.113605499267578,
            "count": 36
        },
        "testCarVisual.Environment.EpisodeLength.mean": {
            "value": 1599.0,
            "min": 384.6363636363636,
            "max": 1599.0,
            "count": 36
        },
        "testCarVisual.Environment.EpisodeLength.sum": {
            "value": 11193.0,
            "min": 4231.0,
            "max": 13103.0,
            "count": 36
        },
        "testCarVisual.Environment.CumulativeReward.mean": {
            "value": 0.0,
            "min": -3.3333333333333335,
            "max": 2.5,
            "count": 36
        },
        "testCarVisual.Environment.CumulativeReward.sum": {
            "value": 0.0,
            "min": -35.0,
            "max": 25.0,
            "count": 36
        },
        "testCarVisual.Policy.ExtrinsicReward.mean": {
            "value": 0.0,
            "min": -3.3333333333333335,
            "max": 2.5,
            "count": 36
        },
        "testCarVisual.Policy.ExtrinsicReward.sum": {
            "value": 0.0,
            "min": -35.0,
            "max": 25.0,
            "count": 36
        },
        "testCarVisual.IsTraining.mean": {
            "value": 1.0,
            "min": 1.0,
            "max": 1.0,
            "count": 36
        },
        "testCarVisual.IsTraining.sum": {
            "value": 1.0,
            "min": 1.0,
            "max": 1.0,
            "count": 36
        },
        "testCarVisual.Losses.PolicyLoss.mean": {
            "value": 0.03242363325164964,
            "min": 0.025844063726253808,
            "max": 0.038189934496767816,
            "count": 34
        },
        "testCarVisual.Losses.PolicyLoss.sum": {
            "value": 0.03242363325164964,
            "min": 0.025844063726253808,
            "max": 0.038189934496767816,
            "count": 34
        },
        "testCarVisual.Losses.ValueLoss.mean": {
            "value": 5.78842294999049e-05,
            "min": 2.5797221739291368e-05,
            "max": 0.22715450786054134,
            "count": 34
        },
        "testCarVisual.Losses.ValueLoss.sum": {
            "value": 5.78842294999049e-05,
            "min": 2.5797221739291368e-05,
            "max": 0.22715450786054134,
            "count": 34
        },
        "testCarVisual.Policy.LearningRate.mean": {
            "value": 0.00028642893452368996,
            "min": 0.00028642893452368996,
            "max": 0.00029661108112963996,
            "count": 34
        },
        "testCarVisual.Policy.LearningRate.sum": {
            "value": 0.00028642893452368996,
            "min": 0.00028642893452368996,
            "max": 0.00029661108112963996,
            "count": 34
        },
        "testCarVisual.Policy.Epsilon.mean": {
            "value": 0.19547631000000004,
            "min": 0.19547631000000004,
            "max": 0.19887036000000008,
            "count": 34
        },
        "testCarVisual.Policy.Epsilon.sum": {
            "value": 0.19547631000000004,
            "min": 0.19547631000000004,
            "max": 0.19887036000000008,
            "count": 34
        },
        "testCarVisual.Policy.Beta.mean": {
            "value": 0.004774267868999998,
            "min": 0.004774267868999998,
            "max": 0.004943630964000003,
            "count": 34
        },
        "testCarVisual.Policy.Beta.sum": {
            "value": 0.004774267868999998,
            "min": 0.004774267868999998,
            "max": 0.004943630964000003,
            "count": 34
        }
    },
    "metadata": {
        "timer_format_version": "0.1.0",
        "start_time_seconds": "1655048697",
        "python_version": "3.9.5 (tags/v3.9.5:0a7dcbd, May  3 2021, 17:27:52) [MSC v.1928 64 bit (AMD64)]",
        "command_line_arguments": "A:\\Mehmet_projects\\venv\\Scripts\\mlagents-learn MinAi\\config\\CarFindGoal_camerasensorbig.yaml --run-id=bigarena256_0612 --resume",
        "mlagents_version": "0.29.0",
        "mlagents_envs_version": "0.29.0",
        "communication_protocol_version": "1.5.0",
        "pytorch_version": "1.11.0+cpu",
        "numpy_version": "1.21.2",
        "end_time_seconds": "1655055193"
    },
    "total": 6496.1684719,
    "count": 1,
    "self": 0.004255100000591483,
    "children": {
        "run_training.setup": {
            "total": 0.08215510000000004,
            "count": 1,
            "self": 0.08215510000000004
        },
        "TrainerController.start_learning": {
            "total": 6496.0820617,
            "count": 1,
            "self": 2.0216691000205174,
            "children": {
                "TrainerController._reset_env": {
                    "total": 5.6945803,
                    "count": 1,
                    "self": 5.6945803
                },
                "TrainerController.advance": {
                    "total": 6487.974995799979,
                    "count": 51857,
                    "self": 0.6408567000480616,
                    "children": {
                        "env_step": {
                            "total": 6487.334139099931,
                            "count": 51857,
                            "self": 6212.065143499953,
                            "children": {
                                "SubprocessEnvManager._take_step": {
                                    "total": 274.3631790998956,
                                    "count": 51857,
                                    "self": 3.580719199929547,
                                    "children": {
                                        "TorchPolicy.evaluate": {
                                            "total": 270.78245989996606,
                                            "count": 51646,
                                            "self": 9.485376399896609,
                                            "children": {
                                                "TorchPolicy.sample_actions": {
                                                    "total": 261.29708350006945,
                                                    "count": 51646,
                                                    "self": 261.29708350006945
                                                }
                                            }
                                        }
                                    }
                                },
                                "workers": {
                                    "total": 0.905816500083187,
                                    "count": 51857,
                                    "self": 0.0,
                                    "children": {
                                        "worker_root": {
                                            "total": 6382.111342199998,
                                            "count": 51857,
                                            "is_parallel": true,