{
    "name": "root",
    "gauges": {
        "testCarVisual.Policy.Entropy.mean": {
            "value": 1.313576340675354,
            "min": 1.313576340675354,
            "max": 1.4175539016723633,
            "count": 50
        },
        "testCarVisual.Policy.Entropy.sum": {
            "value": 26339.83203125,
            "min": 26032.873046875,
            "max": 28552.37109375,
            "count": 50
        },
        "testCarVisual.Environment.EpisodeLength.mean": {
            "value": 48.97989949748744,
            "min": 47.37135922330097,
            "max": 361.39285714285717,
            "count": 50
        },
        "testCarVisual.Environment.EpisodeLength.sum": {
            "value": 19494.0,
            "min": 18710.0,
            "max": 20715.0,
            "count": 50
        },
        "testCarVisual.Step.mean": {
            "value": 999999.0,
            "min": 19938.0,
            "max": 999999.0,
            "count": 50
        },
        "testCarVisual.Step.sum": {
            "value": 999999.0,
            "min": 19938.0,
            "max": 999999.0,
            "count": 50
        },
        "testCarVisual.Policy.ExtrinsicValueEstimate.mean": {
            "value": 3.96667742729187,
            "min": -0.49899041652679443,
            "max": 3.973548650741577,
            "count": 50
        },
        "testCarVisual.Policy.ExtrinsicValueEstimate.sum": {
            "value": 2074.572265625,
            "min": -179.13755798339844,
            "max": 2157.636962890625,
            "count": 50
        },
        "testCarVisual.Environment.CumulativeReward.mean": {
            "value": 5.0,
            "min": -3.7357142857142858,
            "max": 5.0,
            "count": 50
        },
        "testCarVisual.Environment.CumulativeReward.sum": {
            "value": 1990.0,
            "min": -523.0,
            "max": 2043.0,
            "count": 50
        },
        "testCarVisual.Policy.ExtrinsicReward.mean": {
            "value": 5.0,
            "min": -3.7357142857142858,
            "max": 5.0,
            "count": 50
        },
        "testCarVisual.Policy.ExtrinsicReward.sum": {
            "value": 1990.0,
            "min": -523.0,
            "max": 2043.0,
            "count": 50
        },
        "testCarVisual.Losses.PolicyLoss.mean": {
            "value": 0.035462399568253505,
            "min": 0.029471299393723407,
            "max": 0.040888945944607256,
            "count": 50
        },
        "testCarVisual.Losses.PolicyLoss.sum": {
            "value": 0.07092479913650701,
            "min": 0.029471299393723407,
            "max": 0.07895684388155738,
            "count": 50
        },
        "testCarVisual.Losses.ValueLoss.mean": {
            "value": 0.19776792551080385,
            "min": 0.1741229313115279,
            "max": 2.2852079312006635,
            "count": 50
        },
        "testCarVisual.Losses.ValueLoss.sum": {
            "value": 0.3955358510216077,
            "min": 0.32745502243439356,
            "max": 2.2852079312006635,
            "count": 50
        },
        "testCarVisual.Policy.LearningRate.mean": {
            "value": 2.7291990902999898e-06,
            "min": 2.7291990902999898e-06,
            "max": 0.0002969103010299,
            "count": 50
        },
        "testCarVisual.Policy.LearningRate.sum": {
            "value": 5.4583981805999796e-06,
            "min": 5.4583981805999796e-06,
            "max": 0.0005845641051453001,
            "count": 50
        },
        "testCarVisual.Policy.Epsilon.mean": {
            "value": 0.10090969999999999,
            "min": 0.10090969999999999,
            "max": 0.1989701,
            "count": 50
        },
        "testCarVisual.Policy.Epsilon.sum": {
            "value": 0.20181939999999998,
            "min": 0.12501510000000002,
            "max": 0.3948547000000001,
            "count": 50
        },
        "testCarVisual.Policy.Beta.mean": {
            "value": 5.539402999999983e-05,
            "min": 5.539402999999983e-05,
            "max": 0.004948607990000002,
            "count": 50
        },
        "testCarVisual.Policy.Beta.sum": {
            "value": 0.00011078805999999966,
            "min": 0.00011078805999999966,
            "max": 0.009743249530000001,
            "count": 50
        },
        "testCarVisual.IsTraining.mean": {
            "value": 1.0,
            "min": 1.0,
            "max": 1.0,
            "count": 50
        },
        "testCarVisual.IsTraining.sum": {
            "value": 1.0,
            "min": 1.0,
            "max": 1.0,
            "count": 50
        }
    },
    "metadata": {
        "timer_format_version": "0.1.0",
        "start_time_seconds": "1655297460",
        "python_version": "3.8.10 (tags/v3.8.10:3d8993a, May  3 2021, 11:48:03) [MSC v.1928 64 bit (AMD64)]",
        "command_line_arguments": "D:\\Github\\MinAi\\venv\\Scripts\\mlagents-learn config/CarFindGoal_grayscale.yaml --run-id=camera_front",
        "mlagents_version": "0.29.0",
        "mlagents_envs_version": "0.29.0",
        "communication_protocol_version": "1.5.0",
        "pytorch_version": "1.7.0+cu110",
        "numpy_version": "1.21.2",
        "end_time_seconds": "1655301072"
    },
    "total": 3611.877851,
    "count": 1,
    "self": 0.0142415000004803,
    "children": {
        "run_training.setup": {
            "total": 0.1480764000000001,
            "count": 1,
            "self": 0.1480764000000001
        },
        "TrainerController.start_learning": {
            "total": 3611.7155331,
            "count": 1,
            "self": 2.8274713001083,
            "children": {
                "TrainerController._reset_env": {
                    "total": 8.362962999999999,
                    "count": 1,
                    "self": 8.362962999999999
                },
                "TrainerController.advance": {
                    "total": 3600.3692207998915,
                    "count": 119521,
                    "self": 1.3218846999425296,
                    "children": {
                        "env_step": {
                            "total": 3599.047336099949,
                            "count": 119521,
                            "self": 3275.9443785998633,
                            "children": {
                                "SubprocessEnvManager._take_step": {
                                    "total": 321.3089847000629,
                                    "count": 119521,
                                    "self": 6.8399017000388085,
                                    "children": {
                                        "TorchPolicy.evaluate": {
                                            "total": 314.4690830000241,
                                            "count": 111138,
                                            "self": 111.55264069995485,
                                            "children": {
                                                "TorchPolicy.sample_actions": {
                                                    "total": 202.91644230006926,
                                                    "count": 111138,
                                                    "self": 202.91644230006926
                                                }
                                            }
                                        }
                                    }
                                },
                                "workers": {
                                    "total": 1.7939728000226793,
                                    "count": 119521,
                                    "self": 0.0,
                                    "children": {
                                        "worker_root": {
                                            "total": 3598.4620196000224,
                                            "count": 119521,
                                            "is_parallel": true,