{
    "name": "root",
    "metadata": {
        "timer_format_version": "0.1.0",
        "start_time_seconds": "1655896835",
        "python_version": "3.7.9 (v3.7.9:13c94747c7, Aug 15 2020, 01:31:08) \n[Clang 6.0 (clang-600.0.57)]",
        "command_line_arguments": "/Users/edwarddeen/MinAI/venv/bin/mlagents-learn config/CameraVisionTestEd.yaml --run-id=CurriculumTest --force",
        "mlagents_version": "0.29.0",
        "mlagents_envs_version": "0.29.0",
        "communication_protocol_version": "1.5.0",
        "pytorch_version": "1.8.1",
        "numpy_version": "1.21.2",
        "end_time_seconds": "1655925239"
    },
    "total": 28404.03973846,
    "count": 1,
    "self": 0.018242336002003867,
    "children": {
        "run_training.setup": {
            "total": 0.024033723000000062,
            "count": 1,
            "self": 0.024033723000000062
        },
        "TrainerController.start_learning": {
            "total": 28403.997462401,
            "count": 1,
            "self": 88.49276579069556,
            "children": {
                "TrainerController._reset_env": {
                    "total": 8.002095731,
                    "count": 1,
                    "self": 8.002095731
                },
                "TrainerController.advance": {
                    "total": 28307.332186133302,
                    "count": 697642,
                    "self": 24.43917787391547,
                    "children": {
                        "env_step": {
                            "total": 28282.893008259387,
                            "count": 697642,
                            "self": 25249.55060677028,
                            "children": {
                                "SubprocessEnvManager._take_step": {
                                    "total": 3019.6950897284046,
                                    "count": 697642,
                                    "self": 45.971485303895406,
                                    "children": {
                                        "TorchPolicy.evaluate": {
                                            "total": 2973.723604424509,
                                            "count": 694651,
                                            "self": 229.82930227830093,
                                            "children": {
                                                "TorchPolicy.sample_actions": {
                                                    "total": 2743.8943021462082,
                                                    "count": 694651,
                                                    "self": 2743.8943021462082
                                                }
                                            }
                                        }
                                    }
                                },
                                "workers": {
                                    "total": 13.647311760700813,
                                    "count": 697641,
                                    "self": 0.0,
                                    "children": {
                                        "worker_root": {
                                            "total": 28314.96383100088,
                                            "count": 697641,
                                            "is_parallel": true,
                                            "self": 6096.802452450549,
                                            "children": {
                                                "run_training.setup": {
                                                    "total": 0.0,
                                                    "count": 0,
                                                    "is_parallel": true,
                                                    "self": 0.0,
                                                    "children": {
                                                        "steps_from_proto": {
                                                            "total": 0.02887691099999934,
                                                            "count": 1,
                                                            "is_parallel": true,
                                                            "self": 0.001100516999999357,
                                                            "children": {
                                                                "_process_maybe_compressed_observation": {
                                                                    "total": 0.027776393999999982,
                                                                    "count": 2,
                                                                    "is_parallel": true,
                                                                    "self": 0.000661787000003855,
                                                                    "children": {
                                                                        "_observation_to_np_array": {
                                                                            "total": 0.027114606999996127,
                                                                            "count": 9,
                                                                            "is_parallel": true,
                                                                            "self": 0.00024371199999428939,
                                                                            "children": {
                                                                                "process_pixels": {
                                                                                    "total": 0.026870895000001838,
                                                                                    "count": 9,
                                                                                    "is_parallel": true,
                                                                                    "self": 0.00198252600000437,
                                                                                    "children": {
                                                                                        "image_decompress": {
                                                                                            "total": 0.024888368999997468,
                                                                                            "count": 9,
                                                                                            "is_parallel": true,
                                                                                            "self": 0.024888368999997468
                                                                                        }
                                                                                    }
                                                                                }
                                                                            }
                                                                        }
                                                                    }
                                                                }
                                                            }
                                                        },
                                                        "UnityEnvironment.step": {
                                                            "total": 0.06429464200000012,
                                                            "count": 1,
                                                            "is_parallel": true,
                                                            "self": 0.0001666990000011026,