{
    "name": "root",
    "gauges": {
        "testCarVisual.Policy.Entropy.mean": {
            "value": 1.0404664278030396,
            "min": 0.948945164680481,
            "max": 1.0600545406341553,
            "count": 44
        },
        "testCarVisual.Policy.Entropy.sum": {
            "value": 41645.70703125,
            "min": 37266.921875,
            "max": 43202.46875,
            "count": 44
        },
        "testCarVisual.Environment.EpisodeLength.mean": {
            "value": 1179.8857142857144,
            "min": 120.25460122699387,
            "max": 1179.8857142857144,
            "count": 44
        },
        "testCarVisual.Environment.EpisodeLength.sum": {
            "value": 41296.0,
            "min": 36802.0,
            "max": 44777.0,
            "count": 44
        },
        "testCarVisual.Step.mean": {
            "value": 1759990.0,
            "min": 39977.0,
            "max": 1759990.0,
            "count": 44
        },
        "testCarVisual.Step.sum": {
            "value": 1759990.0,
            "min": 39977.0,
            "max": 1759990.0,
            "count": 44
        },
        "testCarVisual.Policy.ExtrinsicValueEstimate.mean": {
            "value": -1.256638765335083,
            "min": -2.570389986038208,
            "max": -0.504773736000061,
            "count": 44
        },
        "testCarVisual.Policy.ExtrinsicValueEstimate.sum": {
            "value": -792.9390869140625,
            "min": -1943.3760986328125,
            "max": -411.8953857421875,
            "count": 44
        },
        "testCarVisual.Environment.CumulativeReward.mean": {
            "value": -13.330570724606513,
            "min": -13.686446652208504,
            "max": -4.511963203297985,
            "count": 44
        },
        "testCarVisual.Environment.CumulativeReward.sum": {
            "value": -466.569975361228,
            "min": -1470.9000042751431,
            "max": -419.4699776545167,
            "count": 44
        },
        "testCarVisual.Policy.ExtrinsicReward.mean": {
            "value": -13.330570724606513,
            "min": -13.686446652208504,
            "max": -4.511963203297985,
            "count": 44
        },
        "testCarVisual.Policy.ExtrinsicReward.sum": {
            "value": -466.569975361228,
            "min": -1470.9000042751431,
            "max": -419.4699776545167,
            "count": 44
        },
        "testCarVisual.Losses.PolicyLoss.mean": {
            "value": 0.04837218627581023,
            "min": 0.04515381160842177,
            "max": 0.05324266196306174,
            "count": 44
        },
        "testCarVisual.Losses.PolicyLoss.sum": {
            "value": 0.19348874510324093,
            "min": 0.13741014114639255,
            "max": 0.20742601916329778,
            "count": 44
        },
        "testCarVisual.Losses.ValueLoss.mean": {
            "value": 0.052897436336691805,
            "min": 0.034097219599061646,
            "max": 1.286832150651349,
            "count": 44
        },
        "testCarVisual.Losses.ValueLoss.sum": {
            "value": 0.21158974534676722,
            "min": 0.13638887839624658,
            "max": 3.860496451954047,
            "count": 44
        },
        "testCarVisual.Policy.LearningRate.mean": {
            "value": 0.000247751102416305,
            "min": 0.000247751102416305,
            "max": 0.00029938311020562996,
            "count": 44
        },
        "testCarVisual.Policy.LearningRate.sum": {
            "value": 0.00099100440966522,
            "min": 0.0007649704650098598,
            "max": 0.0011932151422616199,
            "count": 44
        },
        "testCarVisual.Policy.Epsilon.mean": {
            "value": 0.182583695,
            "min": 0.182583695,
            "max": 0.19979437,
            "count": 44
        },
        "testCarVisual.Policy.Epsilon.sum": {
            "value": 0.73033478,
            "min": 0.5549901400000001,
            "max": 0.7977383800000001,
            "count": 44
        },
        "testCarVisual.Policy.Beta.mean": {
            "value": 0.0041309263805000005,
            "min": 0.0041309263805000005,
            "max": 0.004989739063,
            "count": 44
        },
        "testCarVisual.Policy.Beta.sum": {
            "value": 0.016523705522000002,
            "min": 0.012754007986000002,
            "max": 0.019887145162000002,
            "count": 44
        },
        "testCarVisual.IsTraining.mean": {
            "value": 1.0,
            "min": 1.0,
            "max": 1.0,
            "count": 44
        },
        "testCarVisual.IsTraining.sum": {
            "value": 1.0,
            "min": 1.0,
            "max": 1.0,
            "count": 44
        }
    },
    "metadata": {
        "timer_format_version": "0.1.0",
        "start_time_seconds": "1654972201",
        "python_version": "3.9.5 (tags/v3.9.5:0a7dcbd, May  3 2021, 17:27:52) [MSC v.1928 64 bit (AMD64)]",
        "command_line_arguments": "A:\\Mehmet_projects\\venv\\Scripts\\mlagents-learn MinAi\\config\\CarFindGoal_camerasensor.yaml --initialize-from=testcar3105 --run-id=bigarena0611",
        "mlagents_version": "0.29.0",
        "mlagents_envs_version": "0.29.0",
        "communication_protocol_version": "1.5.0",
        "pytorch_version": "1.11.0+cpu",
        "numpy_version": "1.21.2",
        "end_time_seconds": "1654983163"
    },
    "total": 10962.394586100001,
    "count": 1,
    "self": 0.004576999999699183,
    "children": {
        "run_training.setup": {
            "total": 0.2516170000000004,
            "count": 1,
            "self": 0.2516170000000004
        },
        "TrainerController.start_learning": {
            "total": 10962.138392100002,
            "count": 1,
            "self": 7.565738800019972,
            "children": {
                "TrainerController._reset_env": {
                    "total": 14.0047986,
                    "count": 1,
                    "self": 14.0047986
                },
                "TrainerController.advance": {
                    "total": 10940.405546499978,
                    "count": 297001,
                    "self": 3.59790340031941,
                    "children": {
                        "env_step": {
                            "total": 10936.807643099659,
                            "count": 297001,
                            "self": 10316.29958639988,
                            "children": {
                                "SubprocessEnvManager._take_step": {
                                    "total": 615.2761420996428,
                                    "count": 297001,
                                    "self": 17.253162200038332,
                                    "children": {
                                        "TorchPolicy.evaluate": {
                                            "total": 598.0229798996045,
                                            "count": 294877,
                                            "self": 46.57865139979549,
                                            "children": {
                                                "TorchPolicy.sample_actions": {
                                                    "total": 551.444328499809,
                                                    "count": 294877,
                                                    "self": 551.444328499809
                                                }
                                            }
                                        }
                                    }
                                },
                                "workers": {
                                    "total": 5.231914600135784,
                                    "count": 297000,
                                    "self": 0.0,
                                    "children": {
                                        "worker_root": {
                                            "total": 10936.173544899984,