{
    "name": "root",
    "gauges": {
        "CarFindGoal.Policy.Entropy.mean": {
            "value": 1.4720216989517212,
            "min": 1.4189382791519165,
            "max": 1.493778109550476,
            "count": 169
        },
        "CarFindGoal.Policy.Entropy.sum": {
            "value": 2944.04345703125,
            "min": 2837.87646484375,
            "max": 3023.644775390625,
            "count": 169
        },
        "CarFindGoal.Step.mean": {
            "value": 337999.0,
            "min": 1997.0,
            "max": 337999.0,
            "count": 169
        },
        "CarFindGoal.Step.sum": {
            "value": 337999.0,
            "min": 1997.0,
            "max": 337999.0,
            "count": 169
        },
        "CarFindGoal.Policy.ExtrinsicValueEstimate.mean": {
            "value": -0.016653569415211678,
            "min": -3.2482385635375977,
            "max": 0.24368350207805634,
            "count": 169
        },
        "CarFindGoal.Policy.ExtrinsicValueEstimate.sum": {
            "value": -11.107930183410645,
            "min": -2166.5751953125,
            "max": 162.78057861328125,
            "count": 169
        },
        "CarFindGoal.Environment.EpisodeLength.mean": {
            "value": 9999.0,
            "min": 186.54545454545453,
            "max": 9999.0,
            "count": 111
        },
        "CarFindGoal.Environment.EpisodeLength.sum": {
            "value": 9999.0,
            "min": 189.0,
            "max": 11711.0,
            "count": 111
        },
        "CarFindGoal.Environment.CumulativeReward.mean": {
            "value": -10.000000086962245,
            "min": -16.4549999111332,
            "max": 7.632999979425222,
            "count": 111
        },
        "CarFindGoal.Environment.CumulativeReward.sum": {
            "value": -10.000000086962245,
            "min": -102.26000285008922,
            "max": 7.632999979425222,
            "count": 111
        },
        "CarFindGoal.Policy.ExtrinsicReward.mean": {
            "value": -10.000000086962245,
            "min": -16.4549999111332,
            "max": 7.632999979425222,
            "count": 111
        },
        "CarFindGoal.Policy.ExtrinsicReward.sum": {
            "value": -10.000000086962245,
            "min": -102.26000285008922,
            "max": 7.632999979425222,
            "count": 111
        },
        "CarFindGoal.IsTraining.mean": {
            "value": 1.0,
            "min": 1.0,
            "max": 1.0,
            "count": 169
        },
        "CarFindGoal.IsTraining.sum": {
            "value": 1.0,
            "min": 1.0,
            "max": 1.0,
            "count": 169
        },
        "CarFindGoal.Losses.PolicyLoss.mean": {
            "value": 0.08956617396324873,
            "min": 0.04077962984835418,
            "max": 0.08956617396324873,
            "count": 164
        },
        "CarFindGoal.Losses.PolicyLoss.sum": {
            "value": 0.08956617396324873,
            "min": 0.04077962984835418,
            "max": 0.08956617396324873,
            "count": 164
        },
        "CarFindGoal.Losses.ValueLoss.mean": {
            "value": 9.248683331482729e-06,
            "min": 3.90759345710497e-06,
            "max": 0.8395780234481359,
            "count": 164
        },
        "CarFindGoal.Losses.ValueLoss.sum": {
            "value": 9.248683331482729e-06,
            "min": 3.90759345710497e-06,
            "max": 0.8395780234481359,
            "count": 164
        },
        "CarFindGoal.Policy.LearningRate.mean": {
            "value": 0.00029495787168070997,
            "min": 0.00029495787168070997,
            "max": 0.00029996923501025494,
            "count": 164
        },
        "CarFindGoal.Policy.LearningRate.sum": {
            "value": 0.00029495787168070997,
            "min": 0.00029495787168070997,
            "max": 0.00029996923501025494,
            "count": 164
        },
        "CarFindGoal.Policy.Epsilon.mean": {
            "value": 0.19831929,
            "min": 0.19831929,
            "max": 0.199989745,
            "count": 164
        },
        "CarFindGoal.Policy.Epsilon.sum": {
            "value": 0.19831929,
            "min": 0.19831929,
            "max": 0.199989745,
            "count": 164
        },
        "CarFindGoal.Policy.Beta.mean": {
            "value": 0.004916132571,
            "min": 0.004916132571,
            "max": 0.0049994882755,
            "count": 164
        },
        "CarFindGoal.Policy.Beta.sum": {
            "value": 0.004916132571,
            "min": 0.004916132571,
            "max": 0.0049994882755,
            "count": 164
        }
    },
    "metadata": {
        "timer_format_version": "0.1.0",
        "start_time_seconds": "1649936871",
        "python_version": "3.9.5 (tags/v3.9.5:0a7dcbd, May  3 2021, 17:27:52) [MSC v.1928 64 bit (AMD64)]",
        "command_line_arguments": "A:\\Mehmet_projects\\venv\\Scripts\\mlagents-learn ./MinAi\\config\\CarFindGoal_camerasensor.yaml --run-id=carwithcamera1 --force",
        "mlagents_version": "0.29.0",
        "mlagents_envs_version": "0.29.0",
        "communication_protocol_version": "1.5.0",
        "pytorch_version": "1.11.0+cpu",
        "numpy_version": "1.21.2",
        "end_time_seconds": "1649939428"
    },
    "total": 2556.1468643,
    "count": 1,
    "self": 0.0040869999997994455,
    "children": {
        "run_training.setup": {
            "total": 0.07609429999999995,
            "count": 1,
            "self": 0.07609429999999995
        },
        "TrainerController.start_learning": {
            "total": 2556.066683,
            "count": 1,
            "self": 7.703356399933,
            "children": {
                "TrainerController._reset_env": {
                    "total": 4.9684678,
                    "count": 1,
                    "self": 4.9684678
                },
                "TrainerController.advance": {
                    "total": 2543.2651913000673,
                    "count": 338604,
                    "self": 3.4993303999385716,
                    "children": {
                        "env_step": {
                            "total": 2539.7658609001287,
                            "count": 338604,
                            "self": 2199.051142300082,
                            "children": {
                                "SubprocessEnvManager._take_step": {
                                    "total": 335.38968679999294,
                                    "count": 338604,
                                    "self": 16.4504248999678,
                                    "children": {
                                        "TorchPolicy.evaluate": {
                                            "total": 318.93926190002514,
                                            "count": 338247,
                                            "self": 45.01465669989079,
                                            "children": {
                                                "TorchPolicy.sample_actions": {
                                                    "total": 273.92460520013435,
                                                    "count": 338247,
                                                    "self": 273.92460520013435
                                                }
                                            }
                                        }
                                    }
                                },
                                "workers": {
                                    "total": 5.325031800053456,
                                    "count": 338603,
                                    "self": 0.0,
                                    "children": {
                                        "worker_root": {
                                            "total": 2532.9875885998326,
                                            "count": 338603,