{
    "name": "root",
    "gauges": {
        "testCarVisual.Policy.Entropy.mean": {
            "value": 1.3641486167907715,
            "min": 1.3641486167907715,
            "max": 1.4163707494735718,
            "count": 50
        },
        "testCarVisual.Policy.Entropy.sum": {
            "value": 27267.966796875,
            "min": 26424.470703125,
            "max": 28681.5078125,
            "count": 50
        },
        "testCarVisual.Environment.EpisodeLength.mean": {
            "value": 403.9259259259259,
            "min": 135.89928057553956,
            "max": 669.516129032258,
            "count": 50
        },
        "testCarVisual.Environment.EpisodeLength.sum": {
            "value": 21812.0,
            "min": 16765.0,
            "max": 22024.0,
            "count": 50
        },
        "testCarVisual.Step.mean": {
            "value": 999936.0,
            "min": 19989.0,
            "max": 999936.0,
            "count": 50
        },
        "testCarVisual.Step.sum": {
            "value": 999936.0,
            "min": 19989.0,
            "max": 999936.0,
            "count": 50
        },
        "testCarVisual.Policy.ExtrinsicValueEstimate.mean": {
            "value": 0.7433459758758545,
            "min": -0.17942394316196442,
            "max": 0.7507278323173523,
            "count": 50
        },
        "testCarVisual.Policy.ExtrinsicValueEstimate.sum": {
            "value": 253.48098754882812,
            "min": -71.23130798339844,
            "max": 261.2532958984375,
            "count": 50
        },
        "testCarVisual.Environment.CumulativeReward.mean": {
            "value": 2.7962962962962963,
            "min": -3.6906474820143886,
            "max": 3.5254237288135593,
            "count": 50
        },
        "testCarVisual.Environment.CumulativeReward.sum": {
            "value": 151.0,
            "min": -513.0,
            "max": 215.0,
            "count": 50
        },
        "testCarVisual.Policy.ExtrinsicReward.mean": {
            "value": 2.7962962962962963,
            "min": -3.6906474820143886,
            "max": 3.5254237288135593,
            "count": 50
        },
        "testCarVisual.Policy.ExtrinsicReward.sum": {
            "value": 151.0,
            "min": -513.0,
            "max": 215.0,
            "count": 50
        },
        "testCarVisual.Losses.PolicyLoss.mean": {
            "value": 0.03523423140480493,
            "min": 0.028742233605589716,
            "max": 0.04130022712051869,
            "count": 50
        },
        "testCarVisual.Losses.PolicyLoss.sum": {
            "value": 0.07046846280960986,
            "min": 0.0299396896113952,
            "max": 0.0770167165591071,
            "count": 50
        },
        "testCarVisual.Losses.ValueLoss.mean": {
            "value": 0.5194711096584796,
            "min": 0.21343383422742285,
            "max": 2.121468108892441,
            "count": 50
        },
        "testCarVisual.Losses.ValueLoss.sum": {
            "value": 1.0389422193169593,
            "min": 0.38018715331951775,
            "max": 2.1485358983278275,
            "count": 50
        },
        "testCarVisual.Policy.LearningRate.mean": {
            "value": 2.4981991673000086e-06,
            "min": 2.4981991673000086e-06,
            "max": 0.0002969037010321001,
            "count": 50
        },
        "testCarVisual.Policy.LearningRate.sum": {
            "value": 4.996398334600017e-06,
            "min": 4.996398334600017e-06,
            "max": 0.0005845368051543998,
            "count": 50
        },
        "testCarVisual.Policy.Epsilon.mean": {
            "value": 0.10083270000000004,
            "min": 0.10083270000000004,
            "max": 0.19896789999999998,
            "count": 50
        },
        "testCarVisual.Policy.Epsilon.sum": {
            "value": 0.20166540000000008,
            "min": 0.12499530000000002,
            "max": 0.3948456,
            "count": 50
        },
        "testCarVisual.Policy.Beta.mean": {
            "value": 5.155173000000013e-05,
            "min": 5.155173000000013e-05,
            "max": 0.004948498209999999,
            "count": 50
        },
        "testCarVisual.Policy.Beta.sum": {
            "value": 0.00010310346000000025,
            "min": 0.00010310346000000025,
            "max": 0.00974279544,
            "count": 50
        },
        "testCarVisual.IsTraining.mean": {
            "value": 1.0,
            "min": 1.0,
            "max": 1.0,
            "count": 50
        },
        "testCarVisual.IsTraining.sum": {
            "value": 1.0,
            "min": 1.0,
            "max": 1.0,
            "count": 50
        }
    },
    "metadata": {
        "timer_format_version": "0.1.0",
        "start_time_seconds": "1655717441",
        "python_version": "3.8.10 (tags/v3.8.10:3d8993a, May  3 2021, 11:48:03) [MSC v.1928 64 bit (AMD64)]",
        "command_line_arguments": "D:\\Github\\MinAi\\venv\\Scripts\\mlagents-learn config/CarFindGoal_grayscale.yaml --run-id=128resolution",
        "mlagents_version": "0.29.0",
        "mlagents_envs_version": "0.29.0",
        "communication_protocol_version": "1.5.0",
        "pytorch_version": "1.7.0+cu110",
        "numpy_version": "1.21.2",
        "end_time_seconds": "1655720736"
    },
    "total": 3295.2236168,
    "count": 1,
    "self": 0.006969100000333128,
    "children": {
        "run_training.setup": {
            "total": 0.16232560000000007,
            "count": 1,
            "self": 0.16232560000000007
        },
        "TrainerController.start_learning": {
            "total": 3295.0543221,
            "count": 1,
            "self": 2.643686400081151,
            "children": {
                "TrainerController._reset_env": {
                    "total": 7.4026308,
                    "count": 1,
                    "self": 7.4026308
                },
                "TrainerController.advance": {
                    "total": 3284.8751203999186,
                    "count": 112923,
                    "self": 1.2413907998334253,
                    "children": {
                        "env_step": {
                            "total": 3283.633729600085,
                            "count": 112923,
                            "self": 2974.4997611999434,
                            "children": {
                                "SubprocessEnvManager._take_step": {
                                    "total": 307.4042835001133,
                                    "count": 112923,
                                    "self": 6.611969700152429,
                                    "children": {
                                        "TorchPolicy.evaluate": {
                                            "total": 300.7923137999609,
                                            "count": 111139,
                                            "self": 96.8414461999011,
                                            "children": {
                                                "TorchPolicy.sample_actions": {
                                                    "total": 203.95086760005978,
                                                    "count": 111139,
                                                    "self": 203.95086760005978
                                                }
                                            }
                                        }
                                    }
                                },
                                "workers": {
                                    "total": 1.7296849000283618,
                                    "count": 112923,
                                    "self": 0.0,
                                    "children": {
                                        "worker_root": {
                                            "total": 3283.707786400037,
                                            "count": 112923,